temperature (°C);key
-1;1
20.02;2
20.14;3
20.08;4
19.91;5
20;6
20.24;7
20.14;8
20.14;9
20.14;10
20.15;11
20.03;12
20.1;13
20.21;14
20.24;15
20.15;16
20.33;17
20.4;18
2013;19
20.21;20
20.33;21
20.27;22
20.43;23
20.37;24
20.53;25
20.48;26
20.32;27
20.38;28
220;29
20.44;30
20.37;31
20.49;32
20.52;33
20.65;34
20.73;35
20.67;36
0;37
-1;38
-1;39
20.8;40
20.7;41
20.74;42
21.09;43
